workersid,name,surname,role,age,driverlicense,restaurantid
1,Culley,Jepensen,Dostavljac,31,t,422
2,Timi,Drennan,Konobar,44,f,279
3,Zoe,Mitchell,Konobar,36,f,369
4,Bertine,Chidgey,Kuhar,47,f,73
5,Dasi,Start,Dostavljac,37,t,132
6,Hogan,Thowes,Konobar,47,f,187
7,Emily,Saket,Dostavljac,34,t,309
8,Amity,Capponer,Dostavljac,22,t,85
9,Maxie,Lackney,Dostavljac,26,t,441
10,Elroy,Munden,Dostavljac,34,t,334
11,Maximilien,Goodsal,Konobar,40,f,415
12,Luce,Point,Kuhar,50,f,285
13,Iorgos,Rosevear,Dostavljac,44,t,414
14,Livvyy,Alejandre,Dostavljac,31,t,221
15,Eal,Cramb,Konobar,28,f,391
16,Brew,Millgate,Dostavljac,34,t,38
17,Karleen,Noteyoung,Dostavljac,22,t,182
18,Robenia,Hagwood,Konobar,41,f,391
19,Kendre,Hackett,Kuhar,49,f,67
20,Lulu,Rookledge,Dostavljac,35,t,376
21,Ronalda,Gateman,Kuhar,36,f,255
22,Tierney,Kingh,Kuhar,19,f,368
23,Marshall,Rackam,Konobar,31,f,263
24,Georas,Lukash,Konobar,21,f,341
25,Bear,Surfleet,Dostavljac,18,t,22
26,Adam,Willman,Kuhar,43,f,261
27,Jaquelin,Winkle,Konobar,22,f,242
28,Merilyn,Callam,Konobar,40,f,267
29,Flor,Dawdary,Kuhar,46,f,104
30,Tait,Grieves,Kuhar,20,f,108
31,Ilysa,Rachuig,Konobar,39,f,127
32,Mellisa,Broadberry,Dostavljac,27,t,180
33,Magda,Pownall,Konobar,22,f,434
34,Price,Collip,Konobar,21,f,318
35,Hanson,Cathersides,Konobar,20,f,145
36,Car,Lomb,Kuhar,36,f,27
37,Webb,Hedden,Konobar,22,f,470
38,Zena,Beacroft,Dostavljac,25,t,346
39,Berti,Waggatt,Kuhar,26,f,489
40,Raymund,Mattock,Dostavljac,30,t,279
41,Stanleigh,Godbehere,Konobar,18,f,109
42,Leeann,Beart,Konobar,38,f,401
43,Hobey,Jeppensen,Kuhar,23,f,136
44,Seamus,Breawood,Konobar,29,f,446
45,Trip,Punton,Dostavljac,38,t,20
46,Nelia,Raisher,Kuhar,28,f,415
47,Steffie,Flooks,Kuhar,30,f,168
48,Sigfried,Vodden,Konobar,36,f,338
49,Lettie,Armin,Konobar,47,f,254
50,Barn,Sillick,Kuhar,25,f,83
51,Joanie,Woodeson,Konobar,39,f,261
52,Ezequiel,Bletsoe,Kuhar,45,f,181
53,Maximo,O'Garmen,Konobar,42,f,103
54,Durward,Alekseicik,Kuhar,28,f,164
55,Verge,Greydon,Konobar,42,f,446
56,Eolanda,Hebdon,Dostavljac,49,t,479
57,Beryl,Ferandez,Dostavljac,38,t,498
58,Mathian,Baiden,Kuhar,42,f,26
59,Benny,Toller,Kuhar,22,f,100
60,Benjamin,Stubbley,Dostavljac,40,t,339
61,Buiron,Morigan,Konobar,31,f,40
62,Liv,Valti,Konobar,40,f,380
63,Opalina,McKirton,Dostavljac,44,t,399
64,Rutledge,Choudhury,Kuhar,26,f,46
65,Henka,Bilton,Dostavljac,27,t,454
66,Wakefield,Hamley,Konobar,27,f,492
67,Trula,Pentland,Dostavljac,49,t,365
68,Garner,Wickling,Konobar,38,f,242
69,Forrest,Kiernan,Konobar,33,f,147
70,Shermy,Chippin,Dostavljac,40,t,42
71,Vidovik,Vermer,Dostavljac,38,t,445
72,Goldina,Heymes,Dostavljac,43,t,42
73,Ev,Thwaites,Dostavljac,36,t,465
74,Pauly,Oloshkin,Kuhar,41,f,1
75,Florinda,Metham,Kuhar,26,f,282
76,Vasily,Canizares,Konobar,36,f,370
77,Glennis,Jerratsch,Kuhar,34,f,407
78,Byram,Theriot,Konobar,34,f,47
79,Sylas,O'Mailey,Kuhar,24,f,208
80,Yoshi,Bowsher,Kuhar,31,f,300
81,Maggy,Kennerknecht,Dostavljac,21,t,71
82,Lacie,Nend,Dostavljac,21,t,458
83,Minor,McHan,Konobar,30,f,24
84,Melloney,Foakes,Konobar,29,f,401
85,Bartram,Mishow,Dostavljac,49,t,327
86,Cathie,Inder,Dostavljac,28,t,237
87,Almeria,Folkes,Konobar,47,f,81
88,Lew,Bamlet,Kuhar,48,f,75
89,Bertina,Impson,Dostavljac,28,t,372
90,Mil,Parcells,Konobar,26,f,282
91,Mireielle,Morcombe,Konobar,24,f,485
92,Gabrila,Robbe,Kuhar,18,f,360
93,Heinrik,Witts,Kuhar,48,f,203
94,Allina,Stookes,Kuhar,33,f,342
95,Irvin,Stukings,Konobar,34,f,52
96,Cosme,Semiraz,Kuhar,43,f,3
97,Keven,Jacquest,Dostavljac,49,t,471
98,Shirlee,Proctor,Kuhar,27,f,420
99,Gillian,Spencley,Dostavljac,39,t,158
100,Morgun,Derbyshire,Konobar,23,f,222
101,Putnam,Gowers,Konobar,30,f,336
102,Bone,Earle,Konobar,40,f,110
103,Owen,Cowoppe,Kuhar,39,f,84
104,Kristin,Bollini,Dostavljac,32,t,445
105,Willy,Kennaway,Kuhar,45,f,122
106,Mar,Varvell,Kuhar,19,f,362
107,Emylee,Kevern,Dostavljac,35,t,3
108,Lin,Blackmore,Kuhar,50,f,291
109,Clary,Ends,Kuhar,31,f,140
110,Gayle,Tebbett,Konobar,37,f,117
111,Garth,Zuenelli,Dostavljac,24,t,485
112,Allie,Mincher,Konobar,23,f,62
113,Clarke,Cosser,Konobar,23,f,126
114,Editha,McGinly,Kuhar,49,f,320
115,Burl,Brenston,Dostavljac,45,t,65
116,Valentia,Manoch,Kuhar,18,f,295
117,Bing,Byham,Konobar,44,f,383
118,Horten,Nolder,Dostavljac,46,t,360
119,Bondie,Leary,Dostavljac,33,t,104
120,Aurilia,Jakubski,Kuhar,46,f,454
121,Collete,Jennery,Konobar,26,f,47
122,Micky,Emmett,Konobar,39,f,166
123,Kendre,Vlasenkov,Kuhar,37,f,425
124,Reece,Vequaud,Dostavljac,20,t,238
125,Sara,Hyam,Dostavljac,23,t,165
126,Amelie,Speer,Konobar,33,f,232
127,Noam,Childes,Dostavljac,24,t,492
128,Jena,Stallebrass,Kuhar,19,f,449
129,Coleman,Ajam,Kuhar,19,f,61
130,Wiley,Rochewell,Kuhar,43,f,105
131,Maris,Dorie,Konobar,32,f,490
132,Dunstan,Brownsett,Kuhar,25,f,72
133,Rowe,Boothby,Dostavljac,38,t,125
134,Xenos,Tollerfield,Dostavljac,31,t,56
135,Adamo,Corde,Kuhar,42,f,495
136,Barrie,Orchart,Konobar,27,f,33
137,Iago,Klaves,Konobar,19,f,135
138,Bee,Treweek,Konobar,30,f,423
139,Lulita,Goodger,Konobar,36,f,266
140,Roderick,Glendinning,Konobar,48,f,137
141,Arline,Tonkinson,Kuhar,39,f,368
142,Bartholomeo,Lowder,Konobar,21,f,67
143,Isa,MacPeake,Kuhar,41,f,477
144,Guenevere,Coulston,Dostavljac,18,t,119
145,Clerkclaude,Janko,Kuhar,37,f,399
146,Johnathan,Everix,Konobar,21,f,151
147,Ricca,Satyford,Dostavljac,37,t,336
148,Isaac,Szabo,Konobar,33,f,151
149,Cad,Carlill,Konobar,41,f,420
150,Roberta,Cuppleditch,Dostavljac,36,t,19
151,Allissa,Peasegood,Konobar,23,f,260
152,Delila,Steart,Konobar,27,f,6
153,Isabelita,Billison,Konobar,18,f,347
154,Inna,Bromell,Dostavljac,32,t,141
155,Charles,Labbe,Dostavljac,45,t,477
156,Brigitte,Schuricke,Konobar,49,f,274
157,Florence,Lavers,Kuhar,47,f,442
158,Morgun,Critchard,Kuhar,35,f,433
159,Kara,Binch,Dostavljac,47,t,165
160,Cary,Demageard,Konobar,50,f,2
161,Eulalie,Gullis,Dostavljac,25,t,378
162,Thaddeus,Smithin,Kuhar,38,f,42
163,Odelle,Semered,Kuhar,18,f,483
164,Amii,Teasdale,Konobar,47,f,57
165,Devonne,Peetermann,Konobar,23,f,321
166,Delila,Ridder,Dostavljac,27,t,199
167,Allison,Gudge,Kuhar,27,f,238
168,Vallie,Hewertson,Konobar,40,f,237
169,Imojean,Lamperti,Kuhar,31,f,287
170,Raddy,Cherm,Dostavljac,50,t,455
171,Sonnnie,Devin,Kuhar,23,f,343
172,Etta,Blindmann,Konobar,47,f,380
173,Rip,Brister,Dostavljac,42,t,422
174,Liane,Martinon,Kuhar,48,f,282
175,Dore,Joincey,Konobar,32,f,142
176,Olga,Riches,Konobar,24,f,47
177,Rosabelle,Wigsell,Dostavljac,46,t,243
178,Zollie,Liebmann,Dostavljac,27,t,142
179,Teodorico,Dragonette,Kuhar,21,f,418
180,Phip,Belt,Kuhar,23,f,289
181,Curran,Casebourne,Konobar,26,f,349
182,Fairfax,Shoebotham,Konobar,28,f,198
183,Lew,Whelan,Konobar,45,f,240
184,Janette,Staniford,Dostavljac,25,t,131
185,Anny,Foulgham,Kuhar,30,f,52
186,Elliot,Gatchell,Kuhar,37,f,388
187,Junia,Reek,Kuhar,31,f,431
188,Bambi,Wigfall,Dostavljac,46,t,358
189,Hobey,Hext,Konobar,19,f,305
190,Lane,Dowsey,Kuhar,35,f,48
191,Margalit,McElrea,Kuhar,35,f,1
192,Emylee,Badby,Kuhar,37,f,182
193,Lewie,Colvine,Konobar,24,f,144
194,Rachael,Studman,Konobar,35,f,234
195,Carley,Surridge,Kuhar,34,f,126
196,Muffin,Cholomin,Kuhar,44,f,251
197,Jamima,Blunsom,Kuhar,47,f,391
198,Abbe,Haitlie,Kuhar,30,f,191
199,Nicky,Coiley,Kuhar,33,f,480
200,Darryl,Di Napoli,Kuhar,20,f,253
201,Markos,Craigie,Konobar,31,f,218
202,Shane,Callam,Kuhar,32,f,417
203,Barth,Haldin,Kuhar,38,f,32
204,Galven,Rittmeyer,Konobar,43,f,128
205,Linea,Tern,Konobar,40,f,494
206,Erek,Trobe,Konobar,37,f,417
207,Eli,Coombe,Kuhar,28,f,450
208,Harwell,Coil,Konobar,46,f,284
209,Ken,Pahler,Dostavljac,31,t,187
210,Harriot,Wolffers,Konobar,41,f,64
211,Keene,Louden,Dostavljac,25,t,380
212,Erena,Grimsdyke,Dostavljac,48,t,243
213,Elonore,Aleveque,Konobar,28,f,6
214,Chrisse,Lothlorien,Dostavljac,41,t,460
215,Coralyn,Brant,Dostavljac,47,t,302
216,Terrill,Keeves,Kuhar,43,f,176
217,Gareth,Winsor,Kuhar,37,f,219
218,Dennie,Lock,Dostavljac,23,t,34
219,Gordy,Fotitt,Kuhar,33,f,214
220,Peder,Rioch,Dostavljac,38,t,198
221,Aaren,Lishman,Dostavljac,50,t,444
222,Hali,Rape,Dostavljac,29,t,47
223,Linn,Garham,Dostavljac,42,t,219
224,Shandie,Meates,Kuhar,36,f,214
225,Sherwynd,Pedgrift,Kuhar,33,f,375
226,Clay,Lemin,Konobar,39,f,413
227,Damiano,Symons,Konobar,42,f,337
228,Elisabeth,Lambrecht,Konobar,21,f,146
229,Halimeda,Adelsberg,Konobar,48,f,62
230,Marybelle,Collicott,Konobar,33,f,138
231,Lois,Iles,Konobar,30,f,385
232,Ginevra,O' Lone,Konobar,36,f,196
233,Ora,Orriss,Kuhar,36,f,92
234,Izak,Freeberne,Dostavljac,39,t,354
235,Nevile,Chawkley,Dostavljac,25,t,39
236,Gregorius,Want,Konobar,26,f,55
237,Ricky,Tollemache,Konobar,37,f,221
238,Biddy,Buxsy,Dostavljac,48,t,6
239,Barde,Vaines,Kuhar,29,f,108
240,Scarlet,Hanson,Kuhar,45,f,407
241,Aaron,Stiegers,Kuhar,20,f,236
242,Garv,Claiden,Dostavljac,44,t,462
243,Gussy,Kenningham,Kuhar,34,f,96
244,Leeann,Anespie,Dostavljac,18,t,374
245,Merle,Ewens,Konobar,19,f,53
246,Junie,McTeer,Konobar,22,f,479
247,Rudd,Charlet,Konobar,45,f,80
248,Jeannette,Nappin,Kuhar,25,f,361
249,Lorita,Sizeland,Dostavljac,41,t,305
250,Mandie,Kingshott,Dostavljac,39,t,268
251,Shirline,Tuftin,Konobar,32,f,41
252,Farrand,Renshall,Dostavljac,24,t,146
253,Renault,Lartice,Kuhar,28,f,23
254,Marice,Josovich,Dostavljac,45,t,103
255,Sigfrid,Devita,Konobar,21,f,365
256,Frederic,Smuth,Kuhar,47,f,309
257,Baxy,Cotton,Konobar,49,f,279
258,Giacinta,Scrowby,Konobar,49,f,424
259,Glori,Kiddy,Kuhar,43,f,395
260,Thorstein,Setford,Konobar,47,f,51
261,Lynna,Russan,Kuhar,45,f,383
262,Alvan,Canepe,Dostavljac,27,t,213
263,Wendall,Cambden,Konobar,49,f,288
264,Vittorio,Robel,Dostavljac,36,t,297
265,Reggi,Collip,Konobar,48,f,479
266,Sim,Haws,Kuhar,25,f,327
267,Enrichetta,Carnihan,Dostavljac,29,t,194
268,Lorenzo,Denne,Kuhar,34,f,329
269,Onofredo,Birdis,Dostavljac,27,t,255
270,Tonnie,Enrrico,Kuhar,25,f,191
271,Alwyn,Ollett,Kuhar,39,f,293
272,Duky,Sprey,Kuhar,33,f,85
273,Hayward,Bonds,Dostavljac,35,t,468
274,Tiebold,Godfray,Dostavljac,36,t,475
275,Clim,Tomich,Dostavljac,18,t,423
276,Domeniga,Duffy,Kuhar,37,f,449
277,Rodrick,Attac,Kuhar,31,f,173
278,Chanda,MacConnel,Dostavljac,43,t,31
279,Frannie,Dri,Dostavljac,37,t,315
280,Mozelle,Langfat,Dostavljac,22,t,48
281,Elena,Penhale,Dostavljac,29,t,199
282,Devondra,Vernall,Konobar,28,f,187
283,Cleopatra,Jirick,Konobar,41,f,58
284,Ly,Arndtsen,Dostavljac,34,t,435
285,Correy,Stitch,Dostavljac,35,t,399
286,Jerrie,Empringham,Konobar,40,f,94
287,Peggie,Simmings,Dostavljac,41,t,393
288,Jaymee,Broseman,Konobar,31,f,127
289,Dore,Albion,Konobar,30,f,353
290,Whitney,Cluff,Kuhar,26,f,174
291,Sheena,Skehan,Kuhar,27,f,250
292,Dori,Verriour,Dostavljac,18,t,185
293,Verney,Lockless,Kuhar,31,f,163
294,Marchall,Budding,Kuhar,45,f,217
295,Marian,Haymes,Konobar,45,f,102
296,Skipton,Fernandes,Dostavljac,32,t,331
297,Fayette,Grayshan,Konobar,34,f,303
298,Kellby,Posten,Kuhar,40,f,147
299,Bram,Wasiel,Kuhar,46,f,468
300,Livvie,Tilte,Dostavljac,29,t,173
301,Emmerich,Biasotti,Konobar,34,f,432
302,Roselin,Hedon,Konobar,28,f,229
303,Filippo,McCandless,Dostavljac,32,t,155
304,Nonna,Clemmitt,Kuhar,46,f,102
305,Meade,MacDiarmid,Konobar,38,f,410
306,Mirella,Aldus,Konobar,48,f,281
307,Dallis,Brewis,Dostavljac,31,t,17
308,Merci,Winterborne,Konobar,42,f,270
309,Katha,Paule,Kuhar,30,f,23
310,Swen,Vakhrushev,Dostavljac,45,t,254
311,Winni,Cordall,Konobar,37,f,214
312,Cody,Mucklow,Dostavljac,20,t,445
313,Jewell,Middis,Kuhar,26,f,283
314,Robert,Seabrook,Dostavljac,21,t,471
315,Claus,Avrahm,Dostavljac,21,t,32
316,Brandea,Gorch,Konobar,48,f,365
317,Reine,Whapple,Dostavljac,27,t,311
318,Frayda,Sobtka,Konobar,31,f,93
319,Ketty,Itzkin,Dostavljac,34,t,41
320,Kimmi,Jewel,Konobar,27,f,156
321,Nikos,Franceschielli,Dostavljac,27,t,133
322,Cal,Millier,Kuhar,22,f,40
323,Jobie,Wickman,Konobar,38,f,61
324,Dulcie,Medford,Kuhar,32,f,70
325,Thorsten,Jiri,Dostavljac,35,t,396
326,Kalila,Pancoust,Dostavljac,19,t,404
327,Nara,MacCarroll,Kuhar,37,f,75
328,Hunfredo,Tricker,Dostavljac,50,t,326
329,Kellby,Jertz,Kuhar,29,f,332
330,Tabbie,Teresia,Konobar,32,f,160
331,Olympe,Heddy,Kuhar,24,f,1
332,Barny,Medwell,Kuhar,40,f,495
333,Terza,Di Claudio,Kuhar,34,f,392
334,Cesya,Skirrow,Konobar,33,f,275
335,Talia,Roark,Dostavljac,25,t,415
336,Charley,Downham,Kuhar,25,f,468
337,Harmony,Lacroutz,Konobar,38,f,89
338,Lem,Beddo,Konobar,25,f,16
339,Marna,Bayne,Kuhar,23,f,439
340,Gavrielle,Darte,Kuhar,27,f,207
341,Meade,Niave,Kuhar,42,f,467
342,Kaspar,Sutter,Konobar,31,f,349
343,Elton,McClenan,Konobar,21,f,485
344,Robina,McKerlie,Dostavljac,31,t,396
345,Sammy,Belf,Dostavljac,20,t,106
346,Field,Mizzen,Konobar,32,f,15
347,Ryann,Perrin,Kuhar,36,f,78
348,Bard,Bench,Konobar,48,f,212
349,Rancell,Jagger,Kuhar,19,f,11
350,Sauveur,Spittle,Dostavljac,23,t,166
351,Luciano,Gerauld,Kuhar,32,f,167
352,Greggory,Richards,Dostavljac,28,t,289
353,Jonathon,Harfoot,Kuhar,42,f,425
354,Cordie,Hunt,Konobar,48,f,265
355,Hubey,Noe,Konobar,21,f,57
356,Jinny,Stanbury,Dostavljac,19,t,18
357,Neila,Di Pietro,Konobar,20,f,200
358,Lynnea,Cubbino,Konobar,38,f,424
359,Grace,Ableson,Kuhar,46,f,205
360,Constantine,Fitch,Kuhar,27,f,261
361,Nappy,Nelthorpe,Konobar,42,f,39
362,Kristoffer,Stonman,Kuhar,44,f,55
363,Nathanael,Oakley,Dostavljac,34,t,33
364,Jeromy,Collicott,Kuhar,45,f,112
365,Harwilll,Tookey,Kuhar,46,f,30
366,Rosita,Rosser,Konobar,34,f,77
367,Reece,Strotone,Konobar,24,f,79
368,Petey,Smuth,Dostavljac,49,t,368
369,Christy,Klimkov,Konobar,38,f,451
370,Ike,Murgatroyd,Dostavljac,28,t,492
371,Lorant,Clifford,Dostavljac,47,t,157
372,Kimball,Gullick,Dostavljac,37,t,422
373,Dukey,Lauderdale,Kuhar,37,f,428
374,Benyamin,Wreiford,Kuhar,43,f,97
375,Piotr,Senyard,Kuhar,43,f,362
376,Rutledge,Gatsby,Kuhar,45,f,9
377,Bevon,Gallihaulk,Dostavljac,38,t,122
378,Rosita,Falconbridge,Dostavljac,44,t,10
379,Darbie,Dawson,Dostavljac,19,t,142
380,Georgie,Sworder,Dostavljac,39,t,447
381,Germayne,Mea,Kuhar,34,f,9
382,Rutter,Sporner,Dostavljac,22,t,430
383,Tiphani,Hovel,Konobar,49,f,340
384,Ingram,Loakes,Konobar,35,f,409
385,Ardisj,Arunowicz,Kuhar,25,f,216
386,Wilfred,Aireton,Konobar,45,f,17
387,Rebecca,Brabyn,Dostavljac,32,t,457
388,Bordie,Kildahl,Konobar,46,f,314
389,Tamma,Bevington,Kuhar,42,f,95
390,Hermia,Drewell,Konobar,24,f,94
391,Hastings,Hartwright,Konobar,23,f,236
392,Kiersten,Oleszkiewicz,Kuhar,41,f,298
393,Estele,Stilly,Konobar,25,f,207
394,Shanon,Fayerbrother,Konobar,23,f,230
395,Rocky,Haighton,Dostavljac,32,t,389
396,Donna,Clatworthy,Dostavljac,35,t,457
397,Neda,Monelli,Kuhar,26,f,488
398,Abdul,Biggar,Kuhar,27,f,325
399,Ketty,Bampford,Kuhar,46,f,393
400,Nolana,Casburn,Konobar,27,f,446
401,Piotr,Ferrie,Kuhar,32,f,338
402,Fowler,Melmoth,Konobar,24,f,88
403,Vernon,Batrim,Kuhar,30,f,80
404,Bo,Nehlsen,Konobar,18,f,4
405,Hersch,Wingham,Konobar,49,f,98
406,Bran,Aggas,Konobar,38,f,308
407,Micky,McCarrell,Konobar,34,f,80
408,Lloyd,Boncoeur,Kuhar,49,f,58
409,Garland,Ciciari,Konobar,35,f,104
410,Kariotta,Wimbush,Dostavljac,41,t,97
411,Juliette,Barnard,Konobar,19,f,400
412,Carroll,Revett,Dostavljac,29,t,322
413,Levin,McClintock,Kuhar,50,f,310
414,Keriann,Ruhben,Kuhar,47,f,441
415,Codee,Jobbing,Dostavljac,18,t,248
416,Kelsey,Knutsen,Kuhar,42,f,19
417,Evania,Carass,Dostavljac,19,t,28
418,Roland,Arcase,Dostavljac,29,t,485
419,Leicester,Varfalameev,Kuhar,32,f,294
420,Ashely,Beswell,Kuhar,20,f,278
421,Jocelyn,Kenefick,Konobar,32,f,323
422,Fletch,Baldung,Konobar,40,f,132
423,Ami,Guile,Kuhar,46,f,128
424,Darice,Reeders,Kuhar,23,f,285
425,Normand,Euler,Konobar,45,f,473
426,Arleta,Lower,Konobar,24,f,311
427,Vikky,Matuszynski,Konobar,36,f,192
428,Dominique,Terris,Kuhar,25,f,345
429,Giordano,Birdseye,Kuhar,47,f,170
430,Delphinia,Clemmow,Kuhar,22,f,335
431,Aloysius,MacAree,Kuhar,50,f,257
432,Sigismundo,Playdon,Dostavljac,30,t,458
433,Bartolomeo,Ferson,Dostavljac,21,t,477
434,Yvette,Bulle,Kuhar,49,f,108
435,Edwina,Spondley,Konobar,34,f,497
436,Stacie,Galler,Dostavljac,38,t,379
437,Angy,Fairbrass,Konobar,29,f,462
438,Opal,Attreed,Kuhar,47,f,427
439,Phoebe,Blucher,Kuhar,24,f,26
440,Clyde,Twopenny,Dostavljac,37,t,151
441,Glynis,Tubritt,Kuhar,32,f,323
442,Erda,Goracci,Kuhar,25,f,225
443,Izzy,McNeish,Kuhar,42,f,361
444,Nonah,Loynton,Konobar,43,f,111
445,Nicky,Vahl,Kuhar,27,f,95
446,Miran,Huard,Dostavljac,41,t,277
447,Minette,Hampson,Dostavljac,21,t,62
448,Brittne,McLarens,Dostavljac,24,t,140
449,Yolane,Losano,Dostavljac,27,t,190
450,Freida,Fairbanks,Dostavljac,25,t,15
451,Glenden,Cowerd,Dostavljac,40,t,237
452,Sheila,Crellim,Dostavljac,31,t,221
453,Ronica,Cobb,Konobar,22,f,80
454,Milka,Middleditch,Kuhar,23,f,346
455,Gaby,Mundell,Kuhar,41,f,458
456,Uta,Hames,Kuhar,43,f,38
457,Quentin,Glanvill,Konobar,34,f,190
458,Kristan,Allmen,Konobar,30,f,361
459,Thekla,Kefford,Dostavljac,28,t,159
460,Kimmi,Thecham,Kuhar,35,f,65
461,Marylou,Laslett,Dostavljac,28,t,314
462,Bendicty,Tollfree,Dostavljac,46,t,268
463,Julee,Isaksson,Kuhar,48,f,422
464,Nester,Ayliff,Dostavljac,33,t,335
465,Faulkner,McCullock,Kuhar,46,f,165
466,Lindsay,Neeves,Kuhar,28,f,167
467,Marthena,Navein,Kuhar,25,f,442
468,Ailis,Stansell,Dostavljac,35,t,325
469,Aubrie,Harp,Konobar,20,f,129
470,Gawen,Cobbled,Konobar,25,f,342
471,Jake,Nutten,Kuhar,41,f,238
472,Natty,Calladine,Dostavljac,29,t,485
473,Alfredo,Courtliff,Dostavljac,27,t,475
474,Teodora,McGrudder,Kuhar,45,f,390
475,Myrtia,Wilkins,Konobar,41,f,108
476,Clyve,Ferruzzi,Kuhar,32,f,66
477,Base,Tutchings,Dostavljac,24,t,306
478,Eddi,Meineken,Konobar,22,f,344
479,Harlene,Wollers,Konobar,42,f,283
480,Leonid,Patching,Konobar,48,f,13
481,George,Capron,Kuhar,50,f,162
482,Weidar,Debill,Konobar,44,f,453
483,Gerrie,Bonus,Dostavljac,45,t,106
484,Caldwell,Skehan,Dostavljac,46,t,71
485,Danice,Surman-Wells,Kuhar,41,f,473
486,Granville,Melly,Kuhar,32,f,27
487,Elga,Finding,Dostavljac,48,t,410
488,Chlo,Poundsford,Konobar,36,f,187
489,Rina,Vogt,Kuhar,18,f,471
490,Cristal,Mongain,Dostavljac,37,t,493
491,Krissie,Wenn,Konobar,18,f,87
492,Nataniel,Pughe,Dostavljac,45,t,326
493,Alexandre,Higford,Konobar,37,f,170
494,Gardy,Caff,Konobar,43,f,353
495,Arni,Narramor,Kuhar,44,f,137
496,Randolf,Larter,Dostavljac,35,t,254
497,Merwyn,Drewe,Kuhar,47,f,246
498,Cross,Beteriss,Konobar,35,f,276
499,Ikey,Zapater,Dostavljac,25,t,40
500,Phylis,Prestwich,Dostavljac,41,t,150
501,Rhianna,Harrill,Konobar,18,f,434
502,Aurlie,Cantrell,Konobar,21,f,10
503,Georgine,Gallimore,Dostavljac,23,t,114
504,Lucias,Letten,Kuhar,48,f,432
505,Lindsey,Seemmonds,Dostavljac,41,t,279
506,Barbara-anne,McNalley,Konobar,47,f,399
507,Elaina,Brasher,Konobar,27,f,85
508,Stephanie,Walworth,Konobar,21,f,312
509,Margit,Foxton,Konobar,31,f,97
510,Robert,Kenninghan,Dostavljac,26,t,461
511,Kristoffer,Boyce,Konobar,36,f,368
512,Ingunna,Chasmar,Kuhar,23,f,151
513,Marcellus,Galway,Dostavljac,42,t,173
514,Allie,Roset,Konobar,46,f,234
515,Dehlia,Medwell,Konobar,40,f,161
516,Gay,Varfolomeev,Dostavljac,49,t,140
517,Frederick,Tapley,Kuhar,44,f,299
518,Freddie,Olivas,Dostavljac,29,t,252
519,Dela,Willshire,Konobar,42,f,97
520,Staford,Tweed,Dostavljac,35,t,53
521,Vivi,Alders,Dostavljac,23,t,69
522,Genevieve,Radbourn,Kuhar,18,f,399
523,Clarissa,Domegan,Konobar,38,f,11
524,Maurise,Clutterbuck,Dostavljac,31,t,429
525,Forest,Halpin,Dostavljac,40,t,220
526,Ahmad,Gisbourn,Kuhar,28,f,332
527,Edouard,Haddleston,Kuhar,18,f,396
528,Ramonda,Sodo,Dostavljac,18,t,427
529,Samara,Pandie,Dostavljac,30,t,235
530,Glori,Bethune,Kuhar,36,f,106
531,Saw,Seale,Kuhar,32,f,114
532,Wynn,McCarter,Dostavljac,36,t,150
533,Frans,Cowie,Konobar,47,f,343
534,Zia,Stiger,Kuhar,42,f,292
535,Oby,Mullett,Dostavljac,22,t,304
536,Llywellyn,Nevison,Dostavljac,38,t,208
537,Madelena,Ryland,Kuhar,18,f,273
538,Wiley,Durran,Dostavljac,44,t,446
539,Claude,Liddiatt,Konobar,43,f,324
540,Clemence,Dulanty,Konobar,26,f,189
541,Julio,Bortolini,Dostavljac,31,t,28
542,Ansell,Bonnin,Konobar,40,f,460
543,Beret,MacDuffie,Dostavljac,40,t,153
544,Jefferey,O'Lehane,Kuhar,22,f,379
545,Bartholomeo,Altham,Dostavljac,19,t,302
546,Jeniece,Tully,Kuhar,21,f,467
547,Mame,Eccott,Kuhar,49,f,93
548,Torey,Haston,Dostavljac,33,t,135
549,Codie,Bouller,Kuhar,42,f,54
550,Dari,Beeton,Kuhar,23,f,491
551,Engelbert,Shorie,Konobar,22,f,413
552,Hart,Rowbrey,Konobar,33,f,135
553,Greer,Casaccio,Dostavljac,48,t,359
554,Lamont,Kingham,Konobar,48,f,234
555,Lissy,Ewles,Dostavljac,31,t,460
556,Clark,Fouracre,Konobar,26,f,265
557,Luca,Dennington,Dostavljac,28,t,206
558,Rubetta,Plaskitt,Kuhar,38,f,76
559,Johann,Ithell,Dostavljac,18,t,310
560,Odell,Keer,Konobar,37,f,278
561,Perrine,Gleave,Konobar,21,f,58
562,Margit,Chitson,Kuhar,31,f,2
563,See,Ben,Dostavljac,41,t,192
564,Zorah,Shewen,Kuhar,45,f,22
565,Gabrielle,Restill,Kuhar,38,f,441
566,Elton,Ives,Dostavljac,29,t,151
567,Eduino,Playle,Kuhar,50,f,35
568,Elijah,Ivashkin,Konobar,50,f,143
569,Bernadine,Kidd,Konobar,20,f,386
570,Jenna,Kerner,Dostavljac,25,t,28
571,Grange,Kerr,Kuhar,39,f,276
572,Rozalie,Hubeaux,Dostavljac,25,t,111
573,Alysia,Januszewski,Dostavljac,36,t,414
574,Micky,Haslen,Dostavljac,41,t,73
575,Fax,Prodrick,Kuhar,35,f,149
576,Charlot,Rewbottom,Kuhar,45,f,212
577,Reamonn,Jacobs,Kuhar,27,f,433
578,Ernst,Redfern,Dostavljac,46,t,427
579,Jobye,MacKimm,Kuhar,36,f,332
580,Brigitta,Skamell,Kuhar,37,f,244
581,Harv,Boice,Kuhar,36,f,338
582,Smith,Gethouse,Konobar,38,f,386
583,Zorah,Barrable,Kuhar,21,f,79
584,Aldus,Wanden,Dostavljac,27,t,395
585,Kassandra,Fereday,Dostavljac,26,t,337
586,Crystie,Snazel,Konobar,50,f,172
587,Bram,Neathway,Kuhar,47,f,40
588,Haven,Darnbrook,Dostavljac,21,t,423
589,Howard,Fortnam,Kuhar,47,f,467
590,Albina,Rocca,Konobar,35,f,20
591,Laurette,Blyth,Konobar,31,f,314
592,Luke,Oty,Kuhar,50,f,315
593,Nadia,Roubeix,Konobar,25,f,495
594,Gwennie,Breakwell,Konobar,19,f,134
595,Sky,Heelis,Kuhar,35,f,480
596,Zeke,Troughton,Konobar,24,f,31
597,Cherianne,Cristoforo,Kuhar,46,f,359
598,Daloris,Kilshaw,Dostavljac,31,t,402
599,Steffi,Caistor,Dostavljac,34,t,171
600,Laurie,Andrea,Konobar,39,f,426
601,Sandy,Pottinger,Dostavljac,28,t,329
602,Waiter,Bonnyson,Konobar,43,f,412
603,Marthe,Dulen,Kuhar,23,f,492
604,Wilma,Klimmek,Dostavljac,33,t,127
605,Amandy,Vanichkov,Konobar,38,f,388
606,Johnny,Winckle,Konobar,40,f,446
607,Danita,Luxmoore,Konobar,20,f,361
608,Samaria,Magner,Dostavljac,30,t,439
609,Jaclyn,Blaschke,Kuhar,24,f,287
610,Abner,Lukehurst,Konobar,41,f,148
611,Horace,Gilmartin,Dostavljac,23,t,34
612,Arnie,Janovsky,Konobar,49,f,354
613,Robin,Prozescky,Kuhar,24,f,323
614,Alexis,Hamal,Dostavljac,28,t,140
615,York,Scrine,Dostavljac,32,t,250
616,Carolus,Burhill,Dostavljac,50,t,346
617,Norrie,Wignall,Konobar,36,f,209
618,Lorri,Lemmer,Konobar,39,f,474
619,Zaneta,Brimacombe,Kuhar,23,f,480
620,Starr,Tripp,Dostavljac,20,t,5
621,Blondie,MacSharry,Dostavljac,39,t,448
622,Crista,Burel,Kuhar,30,f,333
623,Hatti,Disdel,Kuhar,43,f,290
624,Lesley,Demelt,Kuhar,23,f,422
625,Deerdre,Kordova,Kuhar,45,f,155
626,Yuma,Vitet,Kuhar,43,f,45
627,Yvon,Hamman,Kuhar,29,f,294
628,Francene,Walenta,Kuhar,37,f,48
629,Garrek,Yanshonok,Kuhar,35,f,379
630,Leonidas,Kolodziej,Kuhar,45,f,234
631,Keri,Duke,Konobar,39,f,124
632,Betsy,Whittock,Kuhar,44,f,257
633,Tobey,Lemmanbie,Kuhar,28,f,452
634,Annadiane,Matantsev,Kuhar,40,f,454
635,Finn,Kembry,Kuhar,44,f,184
636,Joana,Bernardeschi,Konobar,40,f,32
637,Roth,Smedmore,Dostavljac,29,t,312
638,Rufe,Kennington,Konobar,50,f,231
639,Kellyann,Wychard,Konobar,49,f,107
640,Doti,Pybus,Kuhar,26,f,284
641,Megen,Lawrance,Kuhar,40,f,198
642,Ardisj,Segot,Kuhar,37,f,374
643,Dick,Le Huquet,Konobar,50,f,358
644,Tiebold,McInally,Konobar,37,f,462
645,Merline,Cattell,Konobar,29,f,204
646,Idalia,Leverentz,Kuhar,46,f,47
647,Leroy,Slopier,Dostavljac,40,t,76
648,Erasmus,Bleyman,Dostavljac,29,t,497
649,Giles,Addess,Konobar,27,f,360
650,Sunny,Blakemore,Dostavljac,34,t,400
651,Mattheus,Hedworth,Dostavljac,47,t,321
652,Baillie,Chavez,Konobar,24,f,388
653,Pierre,McKellar,Kuhar,50,f,413
654,Carlynne,Tomasek,Kuhar,31,f,386
655,Reeba,Hughson,Konobar,31,f,154
656,Prisca,Storms,Kuhar,25,f,40
657,Sari,Kimble,Kuhar,27,f,171
658,Dillon,Kime,Dostavljac,37,t,201
659,Adah,Siegertsz,Konobar,40,f,205
660,Arlee,Witheridge,Konobar,34,f,46
661,Alvie,Kiwitz,Kuhar,35,f,330
662,Dory,Batters,Konobar,25,f,337
663,Zara,Mellhuish,Kuhar,20,f,304
664,Tammi,Kivits,Konobar,48,f,490
665,Zorah,Fleming,Kuhar,20,f,390
666,Jamima,Timoney,Dostavljac,21,t,441
667,Esmeralda,Brookesbie,Kuhar,50,f,380
668,Doyle,Roder,Konobar,23,f,327
669,Nikita,McGreil,Dostavljac,39,t,384
670,Elvis,Klezmski,Dostavljac,29,t,433
671,Yolane,Vinas,Kuhar,22,f,23
672,Brewer,Somner,Kuhar,40,f,426
673,Vale,Scamwell,Konobar,28,f,6
674,Huntington,Atto,Kuhar,39,f,477
675,Uriah,Titcom,Konobar,19,f,60
676,Annabell,Samsin,Dostavljac,26,t,429
677,Hubie,Asman,Dostavljac,37,t,159
678,Gage,McQuilkin,Konobar,37,f,105
679,Lindon,Ricardou,Konobar,20,f,42
680,Imojean,Lansbury,Konobar,33,f,108
681,Dorice,Slowey,Konobar,47,f,254
682,Lani,Olpin,Dostavljac,19,t,195
683,Artair,Hestrop,Dostavljac,20,t,2
684,Devin,Synke,Kuhar,47,f,247
685,Korie,Wolfendale,Kuhar,40,f,484
686,Max,Foxen,Konobar,21,f,51
687,Ramsay,Mayow,Konobar,21,f,78
688,Conroy,Lambertini,Konobar,29,f,455
689,Dre,Ballantine,Konobar,41,f,429
690,Vernon,Niche,Konobar,31,f,301
691,Catharina,Blythin,Dostavljac,30,t,255
692,Elyn,Windas,Kuhar,27,f,374
693,Lorain,Bassingden,Kuhar,43,f,341
694,Homerus,Fairhead,Konobar,25,f,348
695,Lowe,Walden,Konobar,23,f,259
696,Querida,Bourdis,Konobar,32,f,187
697,Tadio,Assad,Dostavljac,44,t,188
698,Dawn,O'Gaven,Dostavljac,30,t,194
699,Kay,Kalinovich,Kuhar,35,f,162
700,Lola,Handscomb,Kuhar,25,f,401
701,Raye,Yggo,Dostavljac,22,t,239
702,Barnabe,Endersby,Konobar,48,f,80
703,Kimmy,Birtwisle,Konobar,25,f,269
704,Jobyna,Ellington,Konobar,45,f,300
705,Karlyn,Kent,Dostavljac,50,t,344
706,Winston,Malsher,Konobar,48,f,163
707,Camille,Copeman,Kuhar,38,f,490
708,Laurie,Feaks,Dostavljac,30,t,425
709,Pamela,Fedder,Dostavljac,49,t,108
710,Lonny,Pirelli,Kuhar,37,f,481
711,Dermot,Grierson,Kuhar,28,f,177
712,Millard,Beebee,Kuhar,32,f,461
713,Sharleen,Swanton,Konobar,49,f,448
714,Flss,Ronaghan,Konobar,33,f,483
715,Gilemette,Simao,Kuhar,28,f,490
716,Agnese,Swanborough,Dostavljac,43,t,486
717,Joice,Spall,Kuhar,32,f,366
718,Anson,Goldsworthy,Konobar,46,f,421
719,Jennee,Van Leijs,Dostavljac,47,t,464
720,Birk,Bleddon,Dostavljac,32,t,300
721,Chuck,Ogilvie,Konobar,32,f,225
722,Ashlie,Northcote,Dostavljac,39,t,421
723,Kristos,Nickoles,Kuhar,31,f,472
724,Keith,Skalls,Konobar,36,f,114
725,Roosevelt,Strathdee,Kuhar,29,f,46
726,Jereme,Brierton,Konobar,31,f,413
727,Eugine,Ridgers,Dostavljac,20,t,400
728,Gris,Chippendale,Konobar,37,f,224
729,Aurelia,Beattie,Kuhar,36,f,371
730,Ebonee,Chrestien,Konobar,35,f,412
731,Leigh,Lidster,Dostavljac,20,t,497
732,Joletta,Huncote,Kuhar,47,f,454
733,Gene,Coard,Dostavljac,29,t,156
734,Anders,Kagan,Kuhar,26,f,479
735,Siegfried,Ridde,Konobar,34,f,68
736,Penelopa,Dawnay,Kuhar,49,f,411
737,Deva,Bear,Dostavljac,29,t,85
738,Mike,Witnall,Konobar,23,f,415
739,Sawyer,Sweedy,Dostavljac,43,t,483
740,Emmalyn,Stangoe,Kuhar,48,f,8
741,Maisie,Albery,Dostavljac,41,t,133
742,Tansy,Mayne,Kuhar,19,f,213
743,Ab,Mussotti,Kuhar,18,f,174
744,Mill,Skaife,Kuhar,18,f,58
745,Fidelio,Bridewell,Konobar,48,f,252
746,Sheba,Grise,Kuhar,49,f,486
747,Mitchel,Spowart,Kuhar,21,f,447
748,Torre,Feldon,Dostavljac,40,t,44
749,Allyn,Frill,Konobar,31,f,139
750,Ronnie,MacCome,Dostavljac,36,t,53
751,Eldredge,Streater,Dostavljac,39,t,332
752,Sonnie,Orys,Kuhar,34,f,40
753,Les,Pretti,Kuhar,48,f,186
754,Shea,Vitler,Dostavljac,20,t,378
755,Jacobo,Cromblehome,Dostavljac,40,t,42
756,Euell,Mc Kellen,Konobar,34,f,241
757,Donelle,Kinder,Konobar,20,f,347
758,Michel,Shiel,Dostavljac,36,t,397
759,Vally,Twelvetree,Kuhar,22,f,437
760,Marcelia,Arias,Kuhar,28,f,15
761,Ricky,Renbold,Dostavljac,41,t,473
762,Seamus,Shoveller,Kuhar,44,f,54
763,Granger,Beckley,Kuhar,40,f,337
764,Lorilyn,Farrans,Kuhar,42,f,202
765,Dynah,Debenham,Konobar,35,f,372
766,Seka,Presser,Dostavljac,21,t,340
767,Homerus,Vasenin,Kuhar,31,f,131
768,Kate,Labbe,Konobar,31,f,62
769,Adrien,Hoyland,Konobar,23,f,239
770,Raina,Madison,Kuhar,19,f,496
771,Brit,Busch,Konobar,48,f,436
772,Annalee,Spratt,Kuhar,46,f,369
773,Gertie,Leppard,Konobar,46,f,150
774,Marten,Warrier,Kuhar,27,f,451
775,Fawn,Tellwright,Kuhar,24,f,100
776,Malory,Greguol,Dostavljac,32,t,153
777,Shandy,Fritche,Dostavljac,50,t,372
778,Marquita,Havers,Kuhar,45,f,326
779,Arturo,Pattle,Dostavljac,32,t,165
780,Miller,Suggitt,Dostavljac,22,t,290
781,Kimble,Carrett,Dostavljac,43,t,30
782,Germana,Hanington,Dostavljac,26,t,231
783,Ky,Martinat,Konobar,27,f,416
784,Geneva,O'Hagerty,Kuhar,25,f,410
785,Camey,Ranken,Dostavljac,42,t,484
786,Prissie,Danby,Konobar,43,f,298
787,Rodolfo,Whitehead,Kuhar,36,f,227
788,Rutherford,Skinley,Konobar,35,f,429
789,Aarika,Carnelley,Kuhar,47,f,443
790,Ferrel,Walkey,Konobar,31,f,333
791,Ned,Carson,Dostavljac,42,t,351
792,Yule,Checketts,Kuhar,35,f,398
793,Rebeca,Feares,Dostavljac,37,t,374
794,Arleen,Schankel,Kuhar,41,f,214
795,Clementina,Cochran,Kuhar,42,f,339
796,Benetta,Booty,Kuhar,23,f,464
797,Berny,Veldens,Konobar,29,f,176
798,Lita,Scole,Konobar,49,f,204
799,Masha,Clorley,Konobar,27,f,355
800,Zak,Orrock,Dostavljac,32,t,100
801,Zaccaria,Showers,Kuhar,29,f,15
802,Sashenka,Wimpenny,Kuhar,47,f,444
803,Josselyn,Parram,Kuhar,35,f,78
804,Drusy,Stain,Kuhar,21,f,348
805,Gavin,Beddie,Kuhar,22,f,427
806,Angelita,Syder,Konobar,44,f,81
807,Pattin,Stawell,Kuhar,41,f,224
808,Haslett,Alesin,Kuhar,25,f,411
809,Cobby,Mellenby,Dostavljac,49,t,27
810,Hank,Pheazey,Kuhar,30,f,180
811,Bernie,Berr,Konobar,23,f,180
812,Noell,Bouttell,Dostavljac,44,t,229
813,Shelbi,Taleworth,Dostavljac,50,t,53
814,Westleigh,Gerhts,Konobar,46,f,166
815,Caty,Kobiera,Dostavljac,33,t,341
816,Renee,Wharram,Dostavljac,37,t,188
817,Natividad,Walkowski,Konobar,37,f,3
818,Valencia,Esbrook,Dostavljac,34,t,191
819,Arnold,Piatek,Dostavljac,40,t,427
820,Ignazio,Jedraszczyk,Dostavljac,48,t,87
821,Augusto,Gelletly,Kuhar,28,f,416
822,Electra,Trinder,Kuhar,30,f,431
823,Ynes,Todari,Dostavljac,47,t,280
824,Willi,M'Chirrie,Konobar,41,f,212
825,Donnie,Ham,Dostavljac,21,t,284
826,Kania,Towsey,Konobar,30,f,171
827,Patten,Wathall,Kuhar,41,f,170
828,Lauren,Butchers,Kuhar,28,f,351
829,Erda,Cardall,Dostavljac,29,t,394
830,Blancha,Showte,Dostavljac,41,t,357
831,May,Meneely,Konobar,49,f,465
832,Fidelia,Wagerfield,Kuhar,31,f,402
833,Ardelle,Godsell,Kuhar,48,f,38
834,Lucho,Rajchert,Konobar,27,f,224
835,Anetta,Horning,Kuhar,36,f,387
836,Grantley,Itzhayek,Dostavljac,39,t,190
837,Kalindi,Miquelet,Dostavljac,30,t,325
838,Rivy,Hegarty,Dostavljac,37,t,363
839,Waring,Baitman,Konobar,47,f,73
840,Ripley,Haggie,Dostavljac,19,t,363
841,Rouvin,Wicken,Konobar,37,f,395
842,Reuben,Binion,Dostavljac,18,t,307
843,Brien,Lukasik,Kuhar,50,f,197
844,Linzy,Chainey,Dostavljac,21,t,383
845,Lek,Hiscoke,Dostavljac,25,t,369
846,Annabal,Common,Dostavljac,18,t,361
847,Kissiah,Pigot,Dostavljac,31,t,390
848,Dugald,Arnowitz,Kuhar,43,f,63
849,Robin,Paddison,Konobar,25,f,244
850,Hermine,Lambillion,Dostavljac,44,t,15
851,Melisse,Vawton,Dostavljac,21,t,131
852,Austen,Bastistini,Konobar,22,f,162
853,Willard,Rihosek,Kuhar,28,f,363
854,Ulrica,Oluwatoyin,Dostavljac,47,t,454
855,Allister,Burditt,Dostavljac,30,t,379
856,Goddart,Glashby,Kuhar,26,f,440
857,Nata,Dubbin,Kuhar,39,f,174
858,Betty,McGinney,Konobar,32,f,183
859,Horst,Eadmeads,Kuhar,46,f,181
860,Enos,De Simoni,Kuhar,41,f,487
861,Mozes,Margett,Konobar,42,f,461
862,Dev,Brussell,Kuhar,21,f,358
863,Nicolai,Fisby,Konobar,50,f,89
864,Kerrill,Gayton,Dostavljac,30,t,295
865,Ermanno,Simper,Konobar,26,f,199
866,Ebeneser,Mannock,Konobar,29,f,180
867,Baily,Nortunen,Kuhar,25,f,128
868,Bran,McReedy,Dostavljac,22,t,391
869,Ardath,Blindermann,Kuhar,19,f,255
870,Wandie,Buie,Kuhar,24,f,112
871,Giuseppe,Duker,Kuhar,35,f,328
872,Keenan,McCarver,Konobar,23,f,205
873,Lonnard,Davydkov,Dostavljac,41,t,443
874,Simeon,Billitteri,Konobar,36,f,26
875,Maximilianus,Castagne,Dostavljac,47,t,479
876,Gerard,Zmitrichenko,Konobar,19,f,82
877,Nickolai,Calam,Dostavljac,43,t,252
878,Becka,Morfey,Dostavljac,24,t,175
879,Marigold,Baroux,Kuhar,30,f,155
880,Sammie,Mattedi,Kuhar,25,f,343
881,Jordain,Girodier,Konobar,41,f,29
882,Antoni,Coldwell,Kuhar,42,f,180
883,Mimi,Bladen,Dostavljac,24,t,250
884,Chris,Hogbin,Dostavljac,41,t,482
885,Murdoch,Gammage,Dostavljac,46,t,281
886,Dani,Corfield,Kuhar,21,f,216
887,Gerald,McQuode,Konobar,33,f,402
888,Winny,Rizzardo,Konobar,33,f,404
889,Cammy,Meineken,Konobar,39,f,156
890,Charlot,Kelway,Dostavljac,30,t,87
891,Madonna,Gillett,Kuhar,49,f,3
892,Sidonnie,Clowsley,Kuhar,46,f,297
893,Raynell,Aynsley,Kuhar,39,f,154
894,Kipp,Jepperson,Dostavljac,45,t,150
895,Armand,Rizzotto,Kuhar,35,f,452
896,Evaleen,Gisburn,Konobar,50,f,278
897,Tyne,Phalip,Dostavljac,35,t,261
898,Kaye,Bartholomieu,Kuhar,28,f,494
899,Erena,O'Cridigan,Konobar,32,f,277
900,Bendite,Doonican,Kuhar,40,f,172
901,Aggi,Bydaway,Kuhar,24,f,402
902,Niko,Bubeer,Kuhar,39,f,443
903,Townsend,Toffetto,Kuhar,22,f,267
904,Kessia,Oslar,Kuhar,46,f,407
905,Lurlene,Wisby,Dostavljac,25,t,317
906,Adelind,Vernham,Dostavljac,44,t,462
907,Elisha,Meigh,Konobar,20,f,495
908,Joscelin,Lancett,Kuhar,42,f,284
909,Giusto,Kinchington,Kuhar,49,f,186
910,Stearn,Hayball,Kuhar,39,f,436
911,Barbette,Cotte,Konobar,38,f,10
912,Heddie,Scholling,Kuhar,27,f,293
913,Brien,Pinwill,Konobar,40,f,202
914,Fedora,Treanor,Dostavljac,44,t,75
915,Ignace,Wellbelove,Konobar,32,f,143
916,Corabel,Brothers,Kuhar,24,f,9
917,Marchall,Riveles,Kuhar,42,f,21
918,Gifford,Perrins,Kuhar,27,f,179
919,Rozina,Hains,Kuhar,37,f,358
920,Esmaria,Leynagh,Konobar,30,f,338
921,Emmalynn,Vost,Dostavljac,21,t,275
922,Karlotta,McCue,Kuhar,32,f,257
923,Fabian,Screen,Kuhar,44,f,202
924,Micheil,Barfoot,Kuhar,38,f,179
925,Maggi,Heighton,Konobar,44,f,127
926,Hayden,Barts,Dostavljac,34,t,485
927,Vladimir,Gini,Dostavljac,24,t,475
928,Arleyne,Pulman,Dostavljac,50,t,335
929,Edgard,Dorwood,Konobar,50,f,203
930,Stormi,Yeld,Dostavljac,28,t,340
931,Bert,Frunks,Dostavljac,35,t,258
932,Aylmer,Shinfield,Konobar,22,f,295
933,Tobias,Gilliard,Kuhar,26,f,43
934,Dasi,McCrachen,Konobar,35,f,174
935,Mose,Worts,Konobar,26,f,418
936,Ripley,Cloughton,Dostavljac,22,t,30
937,Goddart,Daniely,Konobar,45,f,126
938,Trever,Longworthy,Konobar,30,f,98
939,Ruthie,Lys,Kuhar,20,f,399
940,Glenda,Houseley,Kuhar,44,f,357
941,Giana,Djurdjevic,Dostavljac,30,t,365
942,Giffie,Nannini,Konobar,33,f,256
943,Sunny,Cumbridge,Dostavljac,34,t,258
944,Rhodie,Workes,Kuhar,44,f,500
945,Martainn,Chritchley,Dostavljac,50,t,37
946,Cedric,Ayscough,Dostavljac,19,t,73
947,Lay,Woodus,Konobar,46,f,300
948,Lynnea,Nelson,Konobar,36,f,494
949,Mart,Chat,Kuhar,37,f,189
950,Mahala,Dallow,Kuhar,26,f,269
951,Tracie,Gulleford,Dostavljac,44,t,264
952,Jere,Avard,Konobar,27,f,446
953,Jenilee,Stronghill,Dostavljac,23,t,182
954,Marv,Mayho,Konobar,18,f,196
955,Leta,Seabright,Konobar,42,f,303
956,Vicki,Knottley,Dostavljac,41,t,456
957,Helsa,Dmisek,Konobar,41,f,377
958,Finlay,Staziker,Konobar,43,f,452
959,Janna,Joncic,Kuhar,19,f,89
960,Daisey,McAline,Kuhar,43,f,335
961,Cornela,Goodfellowe,Dostavljac,50,t,17
962,Con,Phidgin,Dostavljac,20,t,69
963,Sigismundo,Cutbush,Konobar,40,f,281
964,Meghann,Macey,Kuhar,24,f,84
965,Norry,Pook,Konobar,37,f,464
966,Neila,Baelde,Dostavljac,34,t,247
967,Fina,Mottershaw,Kuhar,40,f,8
968,Scot,Loffhead,Kuhar,19,f,260
969,Maddy,Montel,Kuhar,46,f,330
970,Korry,Haggas,Kuhar,34,f,422
971,Loraine,Myrie,Kuhar,26,f,4
972,Ase,Marczyk,Dostavljac,29,t,55
973,Estel,Bertomier,Konobar,38,f,425
974,Orville,Mowbray,Konobar,40,f,307
975,Waiter,Gwynne,Kuhar,21,f,452
976,Kimmi,Cottesford,Kuhar,43,f,397
977,Helaine,McCarrell,Konobar,27,f,462
978,Waly,Saing,Konobar,37,f,257
979,Andie,Iannitti,Kuhar,43,f,407
980,Normy,Rivilis,Konobar,27,f,492
981,Melisa,O'Gormley,Dostavljac,24,t,160
982,Annmaria,Robley,Dostavljac,44,t,12
983,Jarrid,Daulby,Dostavljac,36,t,351
984,Sylvia,Ladon,Dostavljac,35,t,45
985,Nani,Synnott,Dostavljac,19,t,319
986,Saundra,Halleday,Dostavljac,25,t,139
987,Chaunce,Houten,Konobar,29,f,426
988,Sherye,Tailour,Dostavljac,21,t,483
989,Terrell,Busswell,Kuhar,27,f,354
990,Edsel,Worsfold,Konobar,48,f,463
991,Dorise,Fishley,Dostavljac,25,t,61
992,Barty,Heyward,Dostavljac,22,t,65
993,Alley,Westgarth,Dostavljac,25,t,53
994,Goldy,Bertrand,Dostavljac,40,t,283
995,Kinny,Stelfax,Kuhar,32,f,449
996,Bradford,MacManus,Dostavljac,43,t,292
997,Maribeth,Rodder,Konobar,31,f,455
998,Sheela,Waddicor,Dostavljac,25,t,402
999,Illa,Losano,Konobar,43,f,99
1000,Sawyere,Brimfield,Kuhar,34,f,241
